{
  "n_counties": 3233,
  "median_ur_2023": 3.4000000000000004,
  "mean_ur_2023": 3.675124223602485,
  "p90_p10_2023": 2.8000000000000003,
  "gini_2023": 0.18607175700465528,
  "gini_2019": 0.2068358185442729,
  "n_worsened": 5,
  "ur_shock_top5_mean": 12.98,
  "income_median_2022": 60833.0,
  "income_range_2022": [
    28972.0,
    167605.0
  ],
  "metro_count": 1251,
  "nonmetro_count": 1970
}